"Density","LCI","UCI","Species"
0.0933559843614302,0.0457220557718562,0.206875445730867,"Dingo"
0.357036590702305,0.198047210468004,0.674871103296664,"Quoll"
